117.jpg	04ed9eca-a356-44f5-bf81-84f37f59c9af.jpg
118.jpg	09f03bd7-35b5-4d07-822b-cbc4eb74029f.jpg
119.jpg	0b0f4b55-579b-4bd8-9c33-548431f3acc3.jpg
120.jpg	0c11dad6-217d-4b78-a9e5-72a1a8825cce.jpg
121.jpg	0fd1899b-b88e-4dd5-bbb5-8e2194957e42.jpg
122.jpg	1b5b640c-fb8c-4dbd-bac5-a7240aa98863.jpg
123.jpg	1bbff2a9-36a6-41d8-a1a0-27727ec05246.jpg
124.jpg	20225b4f-fc7f-413c-8c00-8f73434ee351.jpg
125.jpg	29707767-cd89-4e82-8dd6-d48faafd05a2.jpg
126.jpg	2f217d90-6a7c-44fe-9ef6-bcc6b9af40bd.jpg
127.jpg	312e1c2a-17ef-4d21-8e89-d5669b68c1c2.jpg
128.jpg	3f46366a-9d83-4c1f-bafa-f22609674da6.jpg
129.jpg	43ee496d-9acc-4ec0-ad21-fc3016f0dd36.jpg
130.jpg	468ec49b-057d-4e9d-8f12-7c01cd6f26c8.jpg
131.jpg	537443d8-a94a-48f1-addf-48d048a90ea6.jpg
132.jpg	55932fdb-085d-4329-b020-491b17ab7d42.jpg
133.jpg	57590bbb-44c0-479b-9596-2635de81db26.jpg
134.jpg	5ca48b81-f449-445a-b7c8-ebc8e50ba19e.jpg
135.jpg	68c9b4fb-1625-4bb0-86ac-403bec31cce4.jpg
136.jpg	77169381-7fc9-4ef2-b181-bb7840585a04.jpg
137.jpg	8fb87c01-bb41-4915-8111-9db90a64c7a4.jpg
138.jpg	94f80c0a-2d89-4d3d-9fd1-222d0fe1dfed.jpg
139.jpg	96538f80-a237-459c-ada7-0ece3e80c26e.jpg
140.jpg	9d281b56-84df-4634-8a26-2a23bc5013bc.jpg
141.jpg	a7f34ad1-bab1-4f1d-a822-cfcd30c1e219.jpg
142.jpg	a968df81-7d06-4e9a-a6b0-2dcf4dbd7002.jpg
143.jpg	b94e35fa-286a-4900-b45f-77c2519f3bd7.jpg
144.jpg	ccfe88d9-d7a9-425c-947e-7a51e1c8ddd2.jpg
145.jpg	dd85740d-f85c-4ab0-95f0-3ac11f73104b.jpg
146.jpg	e0f307b9-13bd-4cbc-a348-ce969f2e5481.jpg
147.jpg	e457989d-4b66-41d2-a707-363397a048a2.jpg
148.jpg	e5529b00-fe74-47fe-a3ea-b87a866d4acf.jpg
149.jpg	e98674ea-875e-4cdb-b615-9be152a26088.jpg
150.jpg	ef576ec0-8b3a-4e01-a799-026821dc2cf6.jpg
151.jpg	f5c0a632-0fe8-4f48-8649-895f873da572.jpg
152.jpg	f7ca1a53-4888-4d06-80d9-f8eef3101a91.jpg
153.jpg	fe045281-cb62-4aa4-8a67-afd0fb513e1a.jpg
